﻿<?xml version="1.0" encoding="utf-8"?>
<abapGit version="v1.0.0" serializer="ZCL_ABAPGIT_OBJECT_BY_SOBJ" serializer_version="1.0">
 <asx:abap xmlns:asx="http://www.sap.com/abapxml" version="1.0">
  <asx:values>
   <OA2_SD_SC>
    <OA2_SD_SC>
     <SCOPE_ID>Z_C_PURCHASEDOCUMENTALP_CDS_0001</SCOPE_ID>
     <PGMID>R3TR</PGMID>
     <OBJECT>IWSG</OBJECT>
     <OBJ_NAME>Z_C_PURCHASEDOCUMENTALP_CDS_0001</OBJ_NAME>
     <CREATED_BY>MATHEWBIN</CREATED_BY>
     <CREATED_ON>2019-07-21</CREATED_ON>
     <CREATED_AT>01:10:53</CREATED_AT>
    </OA2_SD_SC>
   </OA2_SD_SC>
   <OA2_SD_SC_field_catalog>
    <item>
     <POS>1</POS>
     <NAME>SCOPE_ID</NAME>
     <TYPE_KIND>C</TYPE_KIND>
     <LENGTH>40</LENGTH>
     <IS_KEY>X</IS_KEY>
    </item>
    <item>
     <POS>2</POS>
     <NAME>PGMID</NAME>
     <TYPE_KIND>C</TYPE_KIND>
     <LENGTH>4</LENGTH>
    </item>
    <item>
     <POS>3</POS>
     <NAME>OBJECT</NAME>
     <TYPE_KIND>C</TYPE_KIND>
     <LENGTH>4</LENGTH>
    </item>
    <item>
     <POS>4</POS>
     <NAME>OBJ_NAME</NAME>
     <TYPE_KIND>C</TYPE_KIND>
     <LENGTH>40</LENGTH>
    </item>
    <item>
     <POS>5</POS>
     <NAME>CREATED_BY</NAME>
     <TYPE_KIND>C</TYPE_KIND>
     <LENGTH>12</LENGTH>
    </item>
    <item>
     <POS>6</POS>
     <NAME>CREATED_ON</NAME>
     <TYPE_KIND>D</TYPE_KIND>
     <LENGTH>8</LENGTH>
    </item>
    <item>
     <POS>7</POS>
     <NAME>CREATED_AT</NAME>
     <TYPE_KIND>T</TYPE_KIND>
     <LENGTH>6</LENGTH>
    </item>
   </OA2_SD_SC_field_catalog>
   <OA2_SD_SCT>
    <OA2_SD_SCT>
     <LANGU>E</LANGU>
     <SCOPE_ID>Z_C_PURCHASEDOCUMENTALP_CDS_0001</SCOPE_ID>
     <DESCRIPTION>OAuth Scope: Purchase Documents ALP</DESCRIPTION>
    </OA2_SD_SCT>
   </OA2_SD_SCT>
   <OA2_SD_SCT_field_catalog>
    <item>
     <POS>1</POS>
     <NAME>LANGU</NAME>
     <TYPE_KIND>C</TYPE_KIND>
     <LENGTH>1</LENGTH>
     <IS_KEY>X</IS_KEY>
    </item>
    <item>
     <POS>2</POS>
     <NAME>SCOPE_ID</NAME>
     <TYPE_KIND>C</TYPE_KIND>
     <LENGTH>40</LENGTH>
     <IS_KEY>X</IS_KEY>
    </item>
    <item>
     <POS>3</POS>
     <NAME>DESCRIPTION</NAME>
     <TYPE_KIND>C</TYPE_KIND>
     <LENGTH>60</LENGTH>
    </item>
   </OA2_SD_SCT_field_catalog>
  </asx:values>
 </asx:abap>
</abapGit>
