﻿<?xml version="1.0" encoding="utf-8"?>
<abapGit version="v1.0.0" serializer="ZCL_ABAPGIT_OBJECT_BY_SOBJ" serializer_version="1.0">
 <asx:abap xmlns:asx="http://www.sap.com/abapxml" version="1.0">
  <asx:values>
   <SRVDSRC>
    <SRVDSRC>
     <SRVDNAME>Z_PURCHASEDOCUMENT_U</SRVDNAME>
     <VERSION>A</VERSION>
     <CHANGED_BY>MATHEWBIN</CHANGED_BY>
     <CHANGED_ON>2019-07-13</CHANGED_ON>
     <CHANGED_AT>17:37:32</CHANGED_AT>
     <DT_UUID>FA163E5314741ED9A9B29CA0347B9638</DT_UUID>
     <SRVD_SOURCE_TYPE>S</SRVD_SOURCE_TYPE>
    </SRVDSRC>
   </SRVDSRC>
   <SRVDSRC_field_catalog>
    <item>
     <POS>1</POS>
     <NAME>SRVDNAME</NAME>
     <TYPE_KIND>C</TYPE_KIND>
     <LENGTH>40</LENGTH>
     <IS_KEY>X</IS_KEY>
    </item>
    <item>
     <POS>2</POS>
     <NAME>VERSION</NAME>
     <TYPE_KIND>C</TYPE_KIND>
     <LENGTH>1</LENGTH>
     <IS_KEY>X</IS_KEY>
    </item>
    <item>
     <POS>3</POS>
     <NAME>CHANGED_BY</NAME>
     <TYPE_KIND>C</TYPE_KIND>
     <LENGTH>12</LENGTH>
    </item>
    <item>
     <POS>4</POS>
     <NAME>CHANGED_ON</NAME>
     <TYPE_KIND>D</TYPE_KIND>
     <LENGTH>8</LENGTH>
    </item>
    <item>
     <POS>5</POS>
     <NAME>CHANGED_AT</NAME>
     <TYPE_KIND>T</TYPE_KIND>
     <LENGTH>6</LENGTH>
    </item>
    <item>
     <POS>6</POS>
     <NAME>DT_UUID</NAME>
     <TYPE_KIND>C</TYPE_KIND>
     <LENGTH>32</LENGTH>
    </item>
    <item>
     <POS>7</POS>
     <NAME>SOURCE_ORIGIN</NAME>
     <TYPE_KIND>b</TYPE_KIND>
     <LENGTH>3</LENGTH>
    </item>
    <item>
     <POS>8</POS>
     <NAME>SRVD_SOURCE_TYPE</NAME>
     <TYPE_KIND>C</TYPE_KIND>
     <LENGTH>1</LENGTH>
    </item>
    <item>
     <POS>9</POS>
     <NAME>ABAP_LANGUAGE_VERSION</NAME>
     <TYPE_KIND>C</TYPE_KIND>
     <LENGTH>1</LENGTH>
    </item>
   </SRVDSRC_field_catalog>
   <SRVDSRCT>
    <SRVDSRCT>
     <SRVDNAME>Z_PURCHASEDOCUMENT_U</SRVDNAME>
     <VERSION>A</VERSION>
     <LANGUAGE>E</LANGUAGE>
     <DESCRIPTION>Purchase Document SD Unmanaged</DESCRIPTION>
    </SRVDSRCT>
   </SRVDSRCT>
   <SRVDSRCT_field_catalog>
    <item>
     <POS>1</POS>
     <NAME>SRVDNAME</NAME>
     <TYPE_KIND>C</TYPE_KIND>
     <LENGTH>40</LENGTH>
     <IS_KEY>X</IS_KEY>
    </item>
    <item>
     <POS>2</POS>
     <NAME>VERSION</NAME>
     <TYPE_KIND>C</TYPE_KIND>
     <LENGTH>1</LENGTH>
     <IS_KEY>X</IS_KEY>
    </item>
    <item>
     <POS>3</POS>
     <NAME>LANGUAGE</NAME>
     <TYPE_KIND>C</TYPE_KIND>
     <LENGTH>1</LENGTH>
     <IS_KEY>X</IS_KEY>
    </item>
    <item>
     <POS>4</POS>
     <NAME>DESCRIPTION</NAME>
     <TYPE_KIND>C</TYPE_KIND>
     <LENGTH>60</LENGTH>
    </item>
   </SRVDSRCT_field_catalog>
   <SRVDSRC_SRC>
    <SRVDSRC_SRC>
     <SRVDNAME>Z_PURCHASEDOCUMENT_U</SRVDNAME>
     <VERSION>A</VERSION>
     <SOURCE>@EndUserText.label: &apos;Purchase Document SD Unmanaged&apos;
define service Z_PurchaseDocument_U {
  expose Z_I_PurchaseDocument_U as PurchaseDocument_U;
  expose Z_I_PurchaseDocumentItem_U as PurchaseDocumentItem_U;
  expose I_Indicator as ApprovalRequired;
  expose I_Currency as Currency;
  expose I_UnitOfMeasure as QuantityUnitofMeasure;
  expose Z_I_VendorType as VendorType;
  expose Z_C_StatusVH as StatusVH;
  expose Z_C_VendorTypeVH as VendorTypeVH;
  expose Z_C_PriorityVH as PriorityVH;
  expose Z_I_PurchaseDocumentPriority as Priority;
  expose Z_I_PurchaseDocumentStatus as Status;
  expose Z_I_PurchDocOverallPrice as PurchDocOveralPrice;
  expose Z_I_PurchaseDocument as PruchasDocumentBase;
  expose Z_I_PurchaseDocumentItem as PurchaseDocumentItemBase;
  expose Z_I_PurchasingOrganization as PurchasingOrganization;
}</SOURCE>
    </SRVDSRC_SRC>
   </SRVDSRC_SRC>
   <SRVDSRC_SRC_field_catalog>
    <item>
     <POS>1</POS>
     <NAME>SRVDNAME</NAME>
     <TYPE_KIND>C</TYPE_KIND>
     <LENGTH>40</LENGTH>
     <IS_KEY>X</IS_KEY>
    </item>
    <item>
     <POS>2</POS>
     <NAME>VERSION</NAME>
     <TYPE_KIND>C</TYPE_KIND>
     <LENGTH>1</LENGTH>
     <IS_KEY>X</IS_KEY>
    </item>
    <item>
     <POS>3</POS>
     <NAME>SOURCE</NAME>
     <TYPE_KIND>g</TYPE_KIND>
    </item>
   </SRVDSRC_SRC_field_catalog>
   <SRVD_RT_HEADER>
    <SRVD_RT_HEADER>
     <SRVDNAME>Z_PURCHASEDOCUMENT_U</SRVDNAME>
     <SERVICE>Z_PURCHASEDOCUMENT_U</SERVICE>
     <SERVICE_RAW>Z_PurchaseDocument_U</SERVICE_RAW>
     <SOURCE_TYPE>S</SOURCE_TYPE>
     <DT_UUID>FA163E5314741ED9A9B29CA0347B9638</DT_UUID>
     <RT_HASH>DEA2CBAF3B87F70A2E30B2F2718C1E3B3C828227</RT_HASH>
    </SRVD_RT_HEADER>
   </SRVD_RT_HEADER>
   <SRVD_RT_HEADER_field_catalog>
    <item>
     <POS>1</POS>
     <NAME>SRVDNAME</NAME>
     <TYPE_KIND>C</TYPE_KIND>
     <LENGTH>40</LENGTH>
     <IS_KEY>X</IS_KEY>
    </item>
    <item>
     <POS>2</POS>
     <NAME>SERVICE</NAME>
     <TYPE_KIND>C</TYPE_KIND>
     <LENGTH>40</LENGTH>
    </item>
    <item>
     <POS>3</POS>
     <NAME>SERVICE_RAW</NAME>
     <TYPE_KIND>C</TYPE_KIND>
     <LENGTH>40</LENGTH>
    </item>
    <item>
     <POS>4</POS>
     <NAME>SOURCE_TYPE</NAME>
     <TYPE_KIND>C</TYPE_KIND>
     <LENGTH>1</LENGTH>
    </item>
    <item>
     <POS>5</POS>
     <NAME>DT_UUID</NAME>
     <TYPE_KIND>C</TYPE_KIND>
     <LENGTH>32</LENGTH>
    </item>
    <item>
     <POS>6</POS>
     <NAME>RT_HASH</NAME>
     <TYPE_KIND>C</TYPE_KIND>
     <LENGTH>40</LENGTH>
    </item>
    <item>
     <POS>7</POS>
     <NAME>GEN_VERSION</NAME>
     <TYPE_KIND>b</TYPE_KIND>
     <LENGTH>3</LENGTH>
    </item>
   </SRVD_RT_HEADER_field_catalog>
   <SRVD_RT_ENTITIES>
    <SRVD_RT_ENTITIES>
     <SRVDNAME>Z_PURCHASEDOCUMENT_U</SRVDNAME>
     <SERVICE>Z_PURCHASEDOCUMENT_U</SERVICE>
     <EXPOSED_ARTIFACT>I_CURRENCY</EXPOSED_ARTIFACT>
     <EXPOSED_ARTIFACT_TYPE>E</EXPOSED_ARTIFACT_TYPE>
     <EXPOSED_ALIAS>CURRENCY</EXPOSED_ALIAS>
     <EXPOSED_ALIAS_RAW>Currency</EXPOSED_ALIAS_RAW>
    </SRVD_RT_ENTITIES>
    <SRVD_RT_ENTITIES>
     <SRVDNAME>Z_PURCHASEDOCUMENT_U</SRVDNAME>
     <SERVICE>Z_PURCHASEDOCUMENT_U</SERVICE>
     <EXPOSED_ARTIFACT>I_INDICATOR</EXPOSED_ARTIFACT>
     <EXPOSED_ARTIFACT_TYPE>E</EXPOSED_ARTIFACT_TYPE>
     <EXPOSED_ALIAS>APPROVALREQUIRED</EXPOSED_ALIAS>
     <EXPOSED_ALIAS_RAW>ApprovalRequired</EXPOSED_ALIAS_RAW>
    </SRVD_RT_ENTITIES>
    <SRVD_RT_ENTITIES>
     <SRVDNAME>Z_PURCHASEDOCUMENT_U</SRVDNAME>
     <SERVICE>Z_PURCHASEDOCUMENT_U</SERVICE>
     <EXPOSED_ARTIFACT>I_UNITOFMEASURE</EXPOSED_ARTIFACT>
     <EXPOSED_ARTIFACT_TYPE>E</EXPOSED_ARTIFACT_TYPE>
     <EXPOSED_ALIAS>QUANTITYUNITOFMEASURE</EXPOSED_ALIAS>
     <EXPOSED_ALIAS_RAW>QuantityUnitofMeasure</EXPOSED_ALIAS_RAW>
    </SRVD_RT_ENTITIES>
    <SRVD_RT_ENTITIES>
     <SRVDNAME>Z_PURCHASEDOCUMENT_U</SRVDNAME>
     <SERVICE>Z_PURCHASEDOCUMENT_U</SERVICE>
     <EXPOSED_ARTIFACT>Z_C_PRIORITYVH</EXPOSED_ARTIFACT>
     <EXPOSED_ARTIFACT_TYPE>E</EXPOSED_ARTIFACT_TYPE>
     <EXPOSED_ALIAS>PRIORITYVH</EXPOSED_ALIAS>
     <EXPOSED_ALIAS_RAW>PriorityVH</EXPOSED_ALIAS_RAW>
    </SRVD_RT_ENTITIES>
    <SRVD_RT_ENTITIES>
     <SRVDNAME>Z_PURCHASEDOCUMENT_U</SRVDNAME>
     <SERVICE>Z_PURCHASEDOCUMENT_U</SERVICE>
     <EXPOSED_ARTIFACT>Z_C_STATUSVH</EXPOSED_ARTIFACT>
     <EXPOSED_ARTIFACT_TYPE>E</EXPOSED_ARTIFACT_TYPE>
     <EXPOSED_ALIAS>STATUSVH</EXPOSED_ALIAS>
     <EXPOSED_ALIAS_RAW>StatusVH</EXPOSED_ALIAS_RAW>
    </SRVD_RT_ENTITIES>
    <SRVD_RT_ENTITIES>
     <SRVDNAME>Z_PURCHASEDOCUMENT_U</SRVDNAME>
     <SERVICE>Z_PURCHASEDOCUMENT_U</SERVICE>
     <EXPOSED_ARTIFACT>Z_C_VENDORTYPEVH</EXPOSED_ARTIFACT>
     <EXPOSED_ARTIFACT_TYPE>E</EXPOSED_ARTIFACT_TYPE>
     <EXPOSED_ALIAS>VENDORTYPEVH</EXPOSED_ALIAS>
     <EXPOSED_ALIAS_RAW>VendorTypeVH</EXPOSED_ALIAS_RAW>
    </SRVD_RT_ENTITIES>
    <SRVD_RT_ENTITIES>
     <SRVDNAME>Z_PURCHASEDOCUMENT_U</SRVDNAME>
     <SERVICE>Z_PURCHASEDOCUMENT_U</SERVICE>
     <EXPOSED_ARTIFACT>Z_I_PURCHASEDOCUMENT</EXPOSED_ARTIFACT>
     <EXPOSED_ARTIFACT_TYPE>E</EXPOSED_ARTIFACT_TYPE>
     <EXPOSED_ALIAS>PRUCHASDOCUMENTBASE</EXPOSED_ALIAS>
     <EXPOSED_ALIAS_RAW>PruchasDocumentBase</EXPOSED_ALIAS_RAW>
    </SRVD_RT_ENTITIES>
    <SRVD_RT_ENTITIES>
     <SRVDNAME>Z_PURCHASEDOCUMENT_U</SRVDNAME>
     <SERVICE>Z_PURCHASEDOCUMENT_U</SERVICE>
     <EXPOSED_ARTIFACT>Z_I_PURCHASEDOCUMENTITEM</EXPOSED_ARTIFACT>
     <EXPOSED_ARTIFACT_TYPE>E</EXPOSED_ARTIFACT_TYPE>
     <EXPOSED_ALIAS>PURCHASEDOCUMENTITEMBASE</EXPOSED_ALIAS>
     <EXPOSED_ALIAS_RAW>PurchaseDocumentItemBase</EXPOSED_ALIAS_RAW>
    </SRVD_RT_ENTITIES>
    <SRVD_RT_ENTITIES>
     <SRVDNAME>Z_PURCHASEDOCUMENT_U</SRVDNAME>
     <SERVICE>Z_PURCHASEDOCUMENT_U</SERVICE>
     <EXPOSED_ARTIFACT>Z_I_PURCHASEDOCUMENTITEM_U</EXPOSED_ARTIFACT>
     <EXPOSED_ARTIFACT_TYPE>E</EXPOSED_ARTIFACT_TYPE>
     <EXPOSED_ALIAS>PURCHASEDOCUMENTITEM_U</EXPOSED_ALIAS>
     <EXPOSED_ALIAS_RAW>PurchaseDocumentItem_U</EXPOSED_ALIAS_RAW>
    </SRVD_RT_ENTITIES>
    <SRVD_RT_ENTITIES>
     <SRVDNAME>Z_PURCHASEDOCUMENT_U</SRVDNAME>
     <SERVICE>Z_PURCHASEDOCUMENT_U</SERVICE>
     <EXPOSED_ARTIFACT>Z_I_PURCHASEDOCUMENTPRIORITY</EXPOSED_ARTIFACT>
     <EXPOSED_ARTIFACT_TYPE>E</EXPOSED_ARTIFACT_TYPE>
     <EXPOSED_ALIAS>PRIORITY</EXPOSED_ALIAS>
     <EXPOSED_ALIAS_RAW>Priority</EXPOSED_ALIAS_RAW>
    </SRVD_RT_ENTITIES>
    <SRVD_RT_ENTITIES>
     <SRVDNAME>Z_PURCHASEDOCUMENT_U</SRVDNAME>
     <SERVICE>Z_PURCHASEDOCUMENT_U</SERVICE>
     <EXPOSED_ARTIFACT>Z_I_PURCHASEDOCUMENTSTATUS</EXPOSED_ARTIFACT>
     <EXPOSED_ARTIFACT_TYPE>E</EXPOSED_ARTIFACT_TYPE>
     <EXPOSED_ALIAS>STATUS</EXPOSED_ALIAS>
     <EXPOSED_ALIAS_RAW>Status</EXPOSED_ALIAS_RAW>
    </SRVD_RT_ENTITIES>
    <SRVD_RT_ENTITIES>
     <SRVDNAME>Z_PURCHASEDOCUMENT_U</SRVDNAME>
     <SERVICE>Z_PURCHASEDOCUMENT_U</SERVICE>
     <EXPOSED_ARTIFACT>Z_I_PURCHASEDOCUMENT_U</EXPOSED_ARTIFACT>
     <EXPOSED_ARTIFACT_TYPE>E</EXPOSED_ARTIFACT_TYPE>
     <EXPOSED_ALIAS>PURCHASEDOCUMENT_U</EXPOSED_ALIAS>
     <EXPOSED_ALIAS_RAW>PurchaseDocument_U</EXPOSED_ALIAS_RAW>
    </SRVD_RT_ENTITIES>
    <SRVD_RT_ENTITIES>
     <SRVDNAME>Z_PURCHASEDOCUMENT_U</SRVDNAME>
     <SERVICE>Z_PURCHASEDOCUMENT_U</SERVICE>
     <EXPOSED_ARTIFACT>Z_I_PURCHASINGORGANIZATION</EXPOSED_ARTIFACT>
     <EXPOSED_ARTIFACT_TYPE>E</EXPOSED_ARTIFACT_TYPE>
     <EXPOSED_ALIAS>PURCHASINGORGANIZATION</EXPOSED_ALIAS>
     <EXPOSED_ALIAS_RAW>PurchasingOrganization</EXPOSED_ALIAS_RAW>
    </SRVD_RT_ENTITIES>
    <SRVD_RT_ENTITIES>
     <SRVDNAME>Z_PURCHASEDOCUMENT_U</SRVDNAME>
     <SERVICE>Z_PURCHASEDOCUMENT_U</SERVICE>
     <EXPOSED_ARTIFACT>Z_I_PURCHDOCOVERALLPRICE</EXPOSED_ARTIFACT>
     <EXPOSED_ARTIFACT_TYPE>E</EXPOSED_ARTIFACT_TYPE>
     <EXPOSED_ALIAS>PURCHDOCOVERALPRICE</EXPOSED_ALIAS>
     <EXPOSED_ALIAS_RAW>PurchDocOveralPrice</EXPOSED_ALIAS_RAW>
    </SRVD_RT_ENTITIES>
    <SRVD_RT_ENTITIES>
     <SRVDNAME>Z_PURCHASEDOCUMENT_U</SRVDNAME>
     <SERVICE>Z_PURCHASEDOCUMENT_U</SERVICE>
     <EXPOSED_ARTIFACT>Z_I_VENDORTYPE</EXPOSED_ARTIFACT>
     <EXPOSED_ARTIFACT_TYPE>E</EXPOSED_ARTIFACT_TYPE>
     <EXPOSED_ALIAS>VENDORTYPE</EXPOSED_ALIAS>
     <EXPOSED_ALIAS_RAW>VendorType</EXPOSED_ALIAS_RAW>
    </SRVD_RT_ENTITIES>
   </SRVD_RT_ENTITIES>
   <SRVD_RT_ENTITIES_field_catalog>
    <item>
     <POS>1</POS>
     <NAME>SRVDNAME</NAME>
     <TYPE_KIND>C</TYPE_KIND>
     <LENGTH>40</LENGTH>
     <IS_KEY>X</IS_KEY>
    </item>
    <item>
     <POS>2</POS>
     <NAME>SERVICE</NAME>
     <TYPE_KIND>C</TYPE_KIND>
     <LENGTH>40</LENGTH>
     <IS_KEY>X</IS_KEY>
    </item>
    <item>
     <POS>3</POS>
     <NAME>EXPOSED_ARTIFACT</NAME>
     <TYPE_KIND>C</TYPE_KIND>
     <LENGTH>30</LENGTH>
     <IS_KEY>X</IS_KEY>
    </item>
    <item>
     <POS>4</POS>
     <NAME>EXPOSED_ARTIFACT_TYPE</NAME>
     <TYPE_KIND>C</TYPE_KIND>
     <LENGTH>1</LENGTH>
     <IS_KEY>X</IS_KEY>
    </item>
    <item>
     <POS>5</POS>
     <NAME>EXPOSED_ALIAS</NAME>
     <TYPE_KIND>C</TYPE_KIND>
     <LENGTH>30</LENGTH>
     <IS_KEY>X</IS_KEY>
    </item>
    <item>
     <POS>6</POS>
     <NAME>EXPOSED_ALIAS_RAW</NAME>
     <TYPE_KIND>C</TYPE_KIND>
     <LENGTH>30</LENGTH>
    </item>
    <item>
     <POS>7</POS>
     <NAME>INCL_SERVICE</NAME>
     <TYPE_KIND>C</TYPE_KIND>
     <LENGTH>40</LENGTH>
    </item>
   </SRVD_RT_ENTITIES_field_catalog>
   <SRVD_RT_ANNOS>
    <SRVD_RT_ANNOS>
     <SRVDNAME>Z_PURCHASEDOCUMENT_U</SRVDNAME>
     <NAME>ENDUSERTEXT.LABEL</NAME>
     <VALUE>&apos;Purchase Document SD Unmanaged&apos;</VALUE>
    </SRVD_RT_ANNOS>
   </SRVD_RT_ANNOS>
   <SRVD_RT_ANNOS_field_catalog>
    <item>
     <POS>1</POS>
     <NAME>SRVDNAME</NAME>
     <TYPE_KIND>C</TYPE_KIND>
     <LENGTH>40</LENGTH>
     <IS_KEY>X</IS_KEY>
    </item>
    <item>
     <POS>2</POS>
     <NAME>NAME</NAME>
     <TYPE_KIND>C</TYPE_KIND>
     <LENGTH>240</LENGTH>
     <IS_KEY>X</IS_KEY>
    </item>
    <item>
     <POS>3</POS>
     <NAME>VALUE</NAME>
     <TYPE_KIND>C</TYPE_KIND>
     <LENGTH>1300</LENGTH>
    </item>
   </SRVD_RT_ANNOS_field_catalog>
   <SRVD_RT_ANNOS_T>
    <SRVD_RT_ANNOS_T>
     <SRVDNAME>Z_PURCHASEDOCUMENT_U</SRVDNAME>
     <LANGUAGE>E</LANGUAGE>
     <NAME>ENDUSERTEXT.LABEL</NAME>
     <TEXT>Purchase Document SD Unmanaged</TEXT>
    </SRVD_RT_ANNOS_T>
   </SRVD_RT_ANNOS_T>
   <SRVD_RT_ANNOS_T_field_catalog>
    <item>
     <POS>1</POS>
     <NAME>SRVDNAME</NAME>
     <TYPE_KIND>C</TYPE_KIND>
     <LENGTH>40</LENGTH>
     <IS_KEY>X</IS_KEY>
    </item>
    <item>
     <POS>2</POS>
     <NAME>LANGUAGE</NAME>
     <TYPE_KIND>C</TYPE_KIND>
     <LENGTH>1</LENGTH>
     <IS_KEY>X</IS_KEY>
    </item>
    <item>
     <POS>3</POS>
     <NAME>NAME</NAME>
     <TYPE_KIND>C</TYPE_KIND>
     <LENGTH>240</LENGTH>
     <IS_KEY>X</IS_KEY>
    </item>
    <item>
     <POS>4</POS>
     <NAME>TEXT</NAME>
     <TYPE_KIND>C</TYPE_KIND>
     <LENGTH>255</LENGTH>
    </item>
   </SRVD_RT_ANNOS_T_field_catalog>
  </asx:values>
 </asx:abap>
</abapGit>
