﻿<?xml version="1.0" encoding="utf-8"?>
<abapGit version="v1.0.0" serializer="ZCL_ABAPGIT_OBJECT_BY_SOBJ" serializer_version="1.0">
 <asx:abap xmlns:asx="http://www.sap.com/abapxml" version="1.0">
  <asx:values>
   <SRVDSRC>
    <SRVDSRC>
     <SRVDNAME>Z_PURCHASEDOCUMENTOVP</SRVDNAME>
     <VERSION>A</VERSION>
     <CHANGED_BY>MATHEWBIN</CHANGED_BY>
     <CHANGED_ON>2019-07-20</CHANGED_ON>
     <CHANGED_AT>21:16:49</CHANGED_AT>
     <DT_UUID>FA163E5314741EE9AAE67602A2CF118D</DT_UUID>
     <SRVD_SOURCE_TYPE>S</SRVD_SOURCE_TYPE>
    </SRVDSRC>
   </SRVDSRC>
   <SRVDSRC_field_catalog>
    <item>
     <POS>1</POS>
     <NAME>SRVDNAME</NAME>
     <TYPE_KIND>C</TYPE_KIND>
     <LENGTH>40</LENGTH>
     <IS_KEY>X</IS_KEY>
    </item>
    <item>
     <POS>2</POS>
     <NAME>VERSION</NAME>
     <TYPE_KIND>C</TYPE_KIND>
     <LENGTH>1</LENGTH>
     <IS_KEY>X</IS_KEY>
    </item>
    <item>
     <POS>3</POS>
     <NAME>CHANGED_BY</NAME>
     <TYPE_KIND>C</TYPE_KIND>
     <LENGTH>12</LENGTH>
    </item>
    <item>
     <POS>4</POS>
     <NAME>CHANGED_ON</NAME>
     <TYPE_KIND>D</TYPE_KIND>
     <LENGTH>8</LENGTH>
    </item>
    <item>
     <POS>5</POS>
     <NAME>CHANGED_AT</NAME>
     <TYPE_KIND>T</TYPE_KIND>
     <LENGTH>6</LENGTH>
    </item>
    <item>
     <POS>6</POS>
     <NAME>DT_UUID</NAME>
     <TYPE_KIND>C</TYPE_KIND>
     <LENGTH>32</LENGTH>
    </item>
    <item>
     <POS>7</POS>
     <NAME>SOURCE_ORIGIN</NAME>
     <TYPE_KIND>b</TYPE_KIND>
     <LENGTH>3</LENGTH>
    </item>
    <item>
     <POS>8</POS>
     <NAME>SRVD_SOURCE_TYPE</NAME>
     <TYPE_KIND>C</TYPE_KIND>
     <LENGTH>1</LENGTH>
    </item>
    <item>
     <POS>9</POS>
     <NAME>ABAP_LANGUAGE_VERSION</NAME>
     <TYPE_KIND>C</TYPE_KIND>
     <LENGTH>1</LENGTH>
    </item>
   </SRVDSRC_field_catalog>
   <SRVDSRCT>
    <SRVDSRCT>
     <SRVDNAME>Z_PURCHASEDOCUMENTOVP</SRVDNAME>
     <VERSION>A</VERSION>
     <LANGUAGE>E</LANGUAGE>
     <DESCRIPTION>Purchase Document OVP</DESCRIPTION>
    </SRVDSRCT>
   </SRVDSRCT>
   <SRVDSRCT_field_catalog>
    <item>
     <POS>1</POS>
     <NAME>SRVDNAME</NAME>
     <TYPE_KIND>C</TYPE_KIND>
     <LENGTH>40</LENGTH>
     <IS_KEY>X</IS_KEY>
    </item>
    <item>
     <POS>2</POS>
     <NAME>VERSION</NAME>
     <TYPE_KIND>C</TYPE_KIND>
     <LENGTH>1</LENGTH>
     <IS_KEY>X</IS_KEY>
    </item>
    <item>
     <POS>3</POS>
     <NAME>LANGUAGE</NAME>
     <TYPE_KIND>C</TYPE_KIND>
     <LENGTH>1</LENGTH>
     <IS_KEY>X</IS_KEY>
    </item>
    <item>
     <POS>4</POS>
     <NAME>DESCRIPTION</NAME>
     <TYPE_KIND>C</TYPE_KIND>
     <LENGTH>60</LENGTH>
    </item>
   </SRVDSRCT_field_catalog>
   <SRVDSRC_SRC>
    <SRVDSRC_SRC>
     <SRVDNAME>Z_PURCHASEDOCUMENTOVP</SRVDNAME>
     <VERSION>A</VERSION>
     <SOURCE>@EndUserText.label: &apos;Purchase Document OVP&apos;
define service Z_PurchaseDocumentOVP {
  expose Z_C_PurchaseDocumentOVP;
  expose Z_C_PURCHASEDOCUMENTFILTERSOVP;
  expose Z_C_PurchaseDocBudgetOVP;
  expose Z_C_PurchaseDocsforApprovalOVP;
  expose Z_C_PurchaseDocumentPendingOVP;
  expose Z_C_PriorityVH;
  expose Z_C_StatusVH;
}</SOURCE>
    </SRVDSRC_SRC>
   </SRVDSRC_SRC>
   <SRVDSRC_SRC_field_catalog>
    <item>
     <POS>1</POS>
     <NAME>SRVDNAME</NAME>
     <TYPE_KIND>C</TYPE_KIND>
     <LENGTH>40</LENGTH>
     <IS_KEY>X</IS_KEY>
    </item>
    <item>
     <POS>2</POS>
     <NAME>VERSION</NAME>
     <TYPE_KIND>C</TYPE_KIND>
     <LENGTH>1</LENGTH>
     <IS_KEY>X</IS_KEY>
    </item>
    <item>
     <POS>3</POS>
     <NAME>SOURCE</NAME>
     <TYPE_KIND>g</TYPE_KIND>
    </item>
   </SRVDSRC_SRC_field_catalog>
   <SRVD_RT_HEADER>
    <SRVD_RT_HEADER>
     <SRVDNAME>Z_PURCHASEDOCUMENTOVP</SRVDNAME>
     <SERVICE>Z_PURCHASEDOCUMENTOVP</SERVICE>
     <SERVICE_RAW>Z_PurchaseDocumentOVP</SERVICE_RAW>
     <SOURCE_TYPE>S</SOURCE_TYPE>
     <DT_UUID>FA163E5314741EE9AAE67602A2CF118D</DT_UUID>
     <RT_HASH>5A3ECCCD2DAFA314D3E8115ED7861C358CB9F993</RT_HASH>
    </SRVD_RT_HEADER>
   </SRVD_RT_HEADER>
   <SRVD_RT_HEADER_field_catalog>
    <item>
     <POS>1</POS>
     <NAME>SRVDNAME</NAME>
     <TYPE_KIND>C</TYPE_KIND>
     <LENGTH>40</LENGTH>
     <IS_KEY>X</IS_KEY>
    </item>
    <item>
     <POS>2</POS>
     <NAME>SERVICE</NAME>
     <TYPE_KIND>C</TYPE_KIND>
     <LENGTH>40</LENGTH>
    </item>
    <item>
     <POS>3</POS>
     <NAME>SERVICE_RAW</NAME>
     <TYPE_KIND>C</TYPE_KIND>
     <LENGTH>40</LENGTH>
    </item>
    <item>
     <POS>4</POS>
     <NAME>SOURCE_TYPE</NAME>
     <TYPE_KIND>C</TYPE_KIND>
     <LENGTH>1</LENGTH>
    </item>
    <item>
     <POS>5</POS>
     <NAME>DT_UUID</NAME>
     <TYPE_KIND>C</TYPE_KIND>
     <LENGTH>32</LENGTH>
    </item>
    <item>
     <POS>6</POS>
     <NAME>RT_HASH</NAME>
     <TYPE_KIND>C</TYPE_KIND>
     <LENGTH>40</LENGTH>
    </item>
    <item>
     <POS>7</POS>
     <NAME>GEN_VERSION</NAME>
     <TYPE_KIND>b</TYPE_KIND>
     <LENGTH>3</LENGTH>
    </item>
   </SRVD_RT_HEADER_field_catalog>
   <SRVD_RT_ENTITIES>
    <SRVD_RT_ENTITIES>
     <SRVDNAME>Z_PURCHASEDOCUMENTOVP</SRVDNAME>
     <SERVICE>Z_PURCHASEDOCUMENTOVP</SERVICE>
     <EXPOSED_ARTIFACT>Z_C_PRIORITYVH</EXPOSED_ARTIFACT>
     <EXPOSED_ARTIFACT_TYPE>E</EXPOSED_ARTIFACT_TYPE>
    </SRVD_RT_ENTITIES>
    <SRVD_RT_ENTITIES>
     <SRVDNAME>Z_PURCHASEDOCUMENTOVP</SRVDNAME>
     <SERVICE>Z_PURCHASEDOCUMENTOVP</SERVICE>
     <EXPOSED_ARTIFACT>Z_C_PURCHASEDOCBUDGETOVP</EXPOSED_ARTIFACT>
     <EXPOSED_ARTIFACT_TYPE>E</EXPOSED_ARTIFACT_TYPE>
    </SRVD_RT_ENTITIES>
    <SRVD_RT_ENTITIES>
     <SRVDNAME>Z_PURCHASEDOCUMENTOVP</SRVDNAME>
     <SERVICE>Z_PURCHASEDOCUMENTOVP</SERVICE>
     <EXPOSED_ARTIFACT>Z_C_PURCHASEDOCSFORAPPROVALOVP</EXPOSED_ARTIFACT>
     <EXPOSED_ARTIFACT_TYPE>E</EXPOSED_ARTIFACT_TYPE>
    </SRVD_RT_ENTITIES>
    <SRVD_RT_ENTITIES>
     <SRVDNAME>Z_PURCHASEDOCUMENTOVP</SRVDNAME>
     <SERVICE>Z_PURCHASEDOCUMENTOVP</SERVICE>
     <EXPOSED_ARTIFACT>Z_C_PURCHASEDOCUMENTFILTERSOVP</EXPOSED_ARTIFACT>
     <EXPOSED_ARTIFACT_TYPE>E</EXPOSED_ARTIFACT_TYPE>
    </SRVD_RT_ENTITIES>
    <SRVD_RT_ENTITIES>
     <SRVDNAME>Z_PURCHASEDOCUMENTOVP</SRVDNAME>
     <SERVICE>Z_PURCHASEDOCUMENTOVP</SERVICE>
     <EXPOSED_ARTIFACT>Z_C_PURCHASEDOCUMENTOVP</EXPOSED_ARTIFACT>
     <EXPOSED_ARTIFACT_TYPE>E</EXPOSED_ARTIFACT_TYPE>
    </SRVD_RT_ENTITIES>
    <SRVD_RT_ENTITIES>
     <SRVDNAME>Z_PURCHASEDOCUMENTOVP</SRVDNAME>
     <SERVICE>Z_PURCHASEDOCUMENTOVP</SERVICE>
     <EXPOSED_ARTIFACT>Z_C_PURCHASEDOCUMENTPENDINGOVP</EXPOSED_ARTIFACT>
     <EXPOSED_ARTIFACT_TYPE>E</EXPOSED_ARTIFACT_TYPE>
    </SRVD_RT_ENTITIES>
    <SRVD_RT_ENTITIES>
     <SRVDNAME>Z_PURCHASEDOCUMENTOVP</SRVDNAME>
     <SERVICE>Z_PURCHASEDOCUMENTOVP</SERVICE>
     <EXPOSED_ARTIFACT>Z_C_STATUSVH</EXPOSED_ARTIFACT>
     <EXPOSED_ARTIFACT_TYPE>E</EXPOSED_ARTIFACT_TYPE>
    </SRVD_RT_ENTITIES>
   </SRVD_RT_ENTITIES>
   <SRVD_RT_ENTITIES_field_catalog>
    <item>
     <POS>1</POS>
     <NAME>SRVDNAME</NAME>
     <TYPE_KIND>C</TYPE_KIND>
     <LENGTH>40</LENGTH>
     <IS_KEY>X</IS_KEY>
    </item>
    <item>
     <POS>2</POS>
     <NAME>SERVICE</NAME>
     <TYPE_KIND>C</TYPE_KIND>
     <LENGTH>40</LENGTH>
     <IS_KEY>X</IS_KEY>
    </item>
    <item>
     <POS>3</POS>
     <NAME>EXPOSED_ARTIFACT</NAME>
     <TYPE_KIND>C</TYPE_KIND>
     <LENGTH>30</LENGTH>
     <IS_KEY>X</IS_KEY>
    </item>
    <item>
     <POS>4</POS>
     <NAME>EXPOSED_ARTIFACT_TYPE</NAME>
     <TYPE_KIND>C</TYPE_KIND>
     <LENGTH>1</LENGTH>
     <IS_KEY>X</IS_KEY>
    </item>
    <item>
     <POS>5</POS>
     <NAME>EXPOSED_ALIAS</NAME>
     <TYPE_KIND>C</TYPE_KIND>
     <LENGTH>30</LENGTH>
     <IS_KEY>X</IS_KEY>
    </item>
    <item>
     <POS>6</POS>
     <NAME>EXPOSED_ALIAS_RAW</NAME>
     <TYPE_KIND>C</TYPE_KIND>
     <LENGTH>30</LENGTH>
    </item>
    <item>
     <POS>7</POS>
     <NAME>INCL_SERVICE</NAME>
     <TYPE_KIND>C</TYPE_KIND>
     <LENGTH>40</LENGTH>
    </item>
   </SRVD_RT_ENTITIES_field_catalog>
   <SRVD_RT_ANNOS>
    <SRVD_RT_ANNOS>
     <SRVDNAME>Z_PURCHASEDOCUMENTOVP</SRVDNAME>
     <NAME>ENDUSERTEXT.LABEL</NAME>
     <VALUE>&apos;Purchase Document OVP&apos;</VALUE>
    </SRVD_RT_ANNOS>
   </SRVD_RT_ANNOS>
   <SRVD_RT_ANNOS_field_catalog>
    <item>
     <POS>1</POS>
     <NAME>SRVDNAME</NAME>
     <TYPE_KIND>C</TYPE_KIND>
     <LENGTH>40</LENGTH>
     <IS_KEY>X</IS_KEY>
    </item>
    <item>
     <POS>2</POS>
     <NAME>NAME</NAME>
     <TYPE_KIND>C</TYPE_KIND>
     <LENGTH>240</LENGTH>
     <IS_KEY>X</IS_KEY>
    </item>
    <item>
     <POS>3</POS>
     <NAME>VALUE</NAME>
     <TYPE_KIND>C</TYPE_KIND>
     <LENGTH>1300</LENGTH>
    </item>
   </SRVD_RT_ANNOS_field_catalog>
   <SRVD_RT_ANNOS_T>
    <SRVD_RT_ANNOS_T>
     <SRVDNAME>Z_PURCHASEDOCUMENTOVP</SRVDNAME>
     <LANGUAGE>E</LANGUAGE>
     <NAME>ENDUSERTEXT.LABEL</NAME>
     <TEXT>Purchase Document OVP</TEXT>
    </SRVD_RT_ANNOS_T>
   </SRVD_RT_ANNOS_T>
   <SRVD_RT_ANNOS_T_field_catalog>
    <item>
     <POS>1</POS>
     <NAME>SRVDNAME</NAME>
     <TYPE_KIND>C</TYPE_KIND>
     <LENGTH>40</LENGTH>
     <IS_KEY>X</IS_KEY>
    </item>
    <item>
     <POS>2</POS>
     <NAME>LANGUAGE</NAME>
     <TYPE_KIND>C</TYPE_KIND>
     <LENGTH>1</LENGTH>
     <IS_KEY>X</IS_KEY>
    </item>
    <item>
     <POS>3</POS>
     <NAME>NAME</NAME>
     <TYPE_KIND>C</TYPE_KIND>
     <LENGTH>240</LENGTH>
     <IS_KEY>X</IS_KEY>
    </item>
    <item>
     <POS>4</POS>
     <NAME>TEXT</NAME>
     <TYPE_KIND>C</TYPE_KIND>
     <LENGTH>255</LENGTH>
    </item>
   </SRVD_RT_ANNOS_T_field_catalog>
  </asx:values>
 </asx:abap>
</abapGit>
