﻿<?xml version="1.0" encoding="utf-8"?>
<abapGit version="v1.0.0" serializer="ZCL_ABAPGIT_OBJECT_BY_SOBJ" serializer_version="1.0">
 <asx:abap xmlns:asx="http://www.sap.com/abapxml" version="1.0">
  <asx:values>
   <SRVDSRC>
    <SRVDSRC>
     <SRVDNAME>Z_PURCHASEDOCUMENTALP</SRVDNAME>
     <VERSION>A</VERSION>
     <CHANGED_BY>MATHEWBIN</CHANGED_BY>
     <CHANGED_ON>2019-07-26</CHANGED_ON>
     <CHANGED_AT>19:08:16</CHANGED_AT>
     <DT_UUID>FA163EBBFD701EE9ABFB1729AE481492</DT_UUID>
     <SRVD_SOURCE_TYPE>S</SRVD_SOURCE_TYPE>
    </SRVDSRC>
   </SRVDSRC>
   <SRVDSRC_field_catalog>
    <item>
     <POS>1</POS>
     <NAME>SRVDNAME</NAME>
     <TYPE_KIND>C</TYPE_KIND>
     <LENGTH>40</LENGTH>
     <IS_KEY>X</IS_KEY>
    </item>
    <item>
     <POS>2</POS>
     <NAME>VERSION</NAME>
     <TYPE_KIND>C</TYPE_KIND>
     <LENGTH>1</LENGTH>
     <IS_KEY>X</IS_KEY>
    </item>
    <item>
     <POS>3</POS>
     <NAME>CHANGED_BY</NAME>
     <TYPE_KIND>C</TYPE_KIND>
     <LENGTH>12</LENGTH>
    </item>
    <item>
     <POS>4</POS>
     <NAME>CHANGED_ON</NAME>
     <TYPE_KIND>D</TYPE_KIND>
     <LENGTH>8</LENGTH>
    </item>
    <item>
     <POS>5</POS>
     <NAME>CHANGED_AT</NAME>
     <TYPE_KIND>T</TYPE_KIND>
     <LENGTH>6</LENGTH>
    </item>
    <item>
     <POS>6</POS>
     <NAME>DT_UUID</NAME>
     <TYPE_KIND>C</TYPE_KIND>
     <LENGTH>32</LENGTH>
    </item>
    <item>
     <POS>7</POS>
     <NAME>SOURCE_ORIGIN</NAME>
     <TYPE_KIND>b</TYPE_KIND>
     <LENGTH>3</LENGTH>
    </item>
    <item>
     <POS>8</POS>
     <NAME>SRVD_SOURCE_TYPE</NAME>
     <TYPE_KIND>C</TYPE_KIND>
     <LENGTH>1</LENGTH>
    </item>
    <item>
     <POS>9</POS>
     <NAME>ABAP_LANGUAGE_VERSION</NAME>
     <TYPE_KIND>C</TYPE_KIND>
     <LENGTH>1</LENGTH>
    </item>
   </SRVDSRC_field_catalog>
   <SRVDSRCT>
    <SRVDSRCT>
     <SRVDNAME>Z_PURCHASEDOCUMENTALP</SRVDNAME>
     <VERSION>A</VERSION>
     <LANGUAGE>E</LANGUAGE>
     <DESCRIPTION>Purchase Document ALP SD</DESCRIPTION>
    </SRVDSRCT>
   </SRVDSRCT>
   <SRVDSRCT_field_catalog>
    <item>
     <POS>1</POS>
     <NAME>SRVDNAME</NAME>
     <TYPE_KIND>C</TYPE_KIND>
     <LENGTH>40</LENGTH>
     <IS_KEY>X</IS_KEY>
    </item>
    <item>
     <POS>2</POS>
     <NAME>VERSION</NAME>
     <TYPE_KIND>C</TYPE_KIND>
     <LENGTH>1</LENGTH>
     <IS_KEY>X</IS_KEY>
    </item>
    <item>
     <POS>3</POS>
     <NAME>LANGUAGE</NAME>
     <TYPE_KIND>C</TYPE_KIND>
     <LENGTH>1</LENGTH>
     <IS_KEY>X</IS_KEY>
    </item>
    <item>
     <POS>4</POS>
     <NAME>DESCRIPTION</NAME>
     <TYPE_KIND>C</TYPE_KIND>
     <LENGTH>60</LENGTH>
    </item>
   </SRVDSRCT_field_catalog>
   <SRVDSRC_SRC>
    <SRVDSRC_SRC>
     <SRVDNAME>Z_PURCHASEDOCUMENTALP</SRVDNAME>
     <VERSION>A</VERSION>
     <SOURCE>@EndUserText.label: &apos;Purchase Document ALP SD&apos;
define service Z_PurchaseDocumentALP {
  expose Z_C_PurchaseDocumentALP;
  expose Z_I_PurchaseDocument as PurchaseDocument;
  expose Z_I_PurchaseDocumentItem as PurchaseDocumentItem;
  expose Z_I_PurchaseDocumentCube;
  expose Z_I_PurchaseDocumentPriority as Priority;
  expose Z_I_PurchaseDocumentStatus as Status;
  expose Z_I_PurchasingOrganization as PurchasingOrganization;
}</SOURCE>
    </SRVDSRC_SRC>
   </SRVDSRC_SRC>
   <SRVDSRC_SRC_field_catalog>
    <item>
     <POS>1</POS>
     <NAME>SRVDNAME</NAME>
     <TYPE_KIND>C</TYPE_KIND>
     <LENGTH>40</LENGTH>
     <IS_KEY>X</IS_KEY>
    </item>
    <item>
     <POS>2</POS>
     <NAME>VERSION</NAME>
     <TYPE_KIND>C</TYPE_KIND>
     <LENGTH>1</LENGTH>
     <IS_KEY>X</IS_KEY>
    </item>
    <item>
     <POS>3</POS>
     <NAME>SOURCE</NAME>
     <TYPE_KIND>g</TYPE_KIND>
    </item>
   </SRVDSRC_SRC_field_catalog>
   <SRVD_RT_HEADER>
    <SRVD_RT_HEADER>
     <SRVDNAME>Z_PURCHASEDOCUMENTALP</SRVDNAME>
     <SERVICE>Z_PURCHASEDOCUMENTALP</SERVICE>
     <SERVICE_RAW>Z_PurchaseDocumentALP</SERVICE_RAW>
     <SOURCE_TYPE>S</SOURCE_TYPE>
     <DT_UUID>FA163EBBFD701EE9ABFB1729AE481492</DT_UUID>
     <RT_HASH>69D443E1A1C46586BE6B9C7DCC2E5D3CA83BCECD</RT_HASH>
    </SRVD_RT_HEADER>
   </SRVD_RT_HEADER>
   <SRVD_RT_HEADER_field_catalog>
    <item>
     <POS>1</POS>
     <NAME>SRVDNAME</NAME>
     <TYPE_KIND>C</TYPE_KIND>
     <LENGTH>40</LENGTH>
     <IS_KEY>X</IS_KEY>
    </item>
    <item>
     <POS>2</POS>
     <NAME>SERVICE</NAME>
     <TYPE_KIND>C</TYPE_KIND>
     <LENGTH>40</LENGTH>
    </item>
    <item>
     <POS>3</POS>
     <NAME>SERVICE_RAW</NAME>
     <TYPE_KIND>C</TYPE_KIND>
     <LENGTH>40</LENGTH>
    </item>
    <item>
     <POS>4</POS>
     <NAME>SOURCE_TYPE</NAME>
     <TYPE_KIND>C</TYPE_KIND>
     <LENGTH>1</LENGTH>
    </item>
    <item>
     <POS>5</POS>
     <NAME>DT_UUID</NAME>
     <TYPE_KIND>C</TYPE_KIND>
     <LENGTH>32</LENGTH>
    </item>
    <item>
     <POS>6</POS>
     <NAME>RT_HASH</NAME>
     <TYPE_KIND>C</TYPE_KIND>
     <LENGTH>40</LENGTH>
    </item>
    <item>
     <POS>7</POS>
     <NAME>GEN_VERSION</NAME>
     <TYPE_KIND>b</TYPE_KIND>
     <LENGTH>3</LENGTH>
    </item>
   </SRVD_RT_HEADER_field_catalog>
   <SRVD_RT_ENTITIES>
    <SRVD_RT_ENTITIES>
     <SRVDNAME>Z_PURCHASEDOCUMENTALP</SRVDNAME>
     <SERVICE>Z_PURCHASEDOCUMENTALP</SERVICE>
     <EXPOSED_ARTIFACT>Z_C_PURCHASEDOCUMENTALP</EXPOSED_ARTIFACT>
     <EXPOSED_ARTIFACT_TYPE>E</EXPOSED_ARTIFACT_TYPE>
    </SRVD_RT_ENTITIES>
    <SRVD_RT_ENTITIES>
     <SRVDNAME>Z_PURCHASEDOCUMENTALP</SRVDNAME>
     <SERVICE>Z_PURCHASEDOCUMENTALP</SERVICE>
     <EXPOSED_ARTIFACT>Z_I_PURCHASEDOCUMENT</EXPOSED_ARTIFACT>
     <EXPOSED_ARTIFACT_TYPE>E</EXPOSED_ARTIFACT_TYPE>
     <EXPOSED_ALIAS>PURCHASEDOCUMENT</EXPOSED_ALIAS>
     <EXPOSED_ALIAS_RAW>PurchaseDocument</EXPOSED_ALIAS_RAW>
    </SRVD_RT_ENTITIES>
    <SRVD_RT_ENTITIES>
     <SRVDNAME>Z_PURCHASEDOCUMENTALP</SRVDNAME>
     <SERVICE>Z_PURCHASEDOCUMENTALP</SERVICE>
     <EXPOSED_ARTIFACT>Z_I_PURCHASEDOCUMENTCUBE</EXPOSED_ARTIFACT>
     <EXPOSED_ARTIFACT_TYPE>E</EXPOSED_ARTIFACT_TYPE>
    </SRVD_RT_ENTITIES>
    <SRVD_RT_ENTITIES>
     <SRVDNAME>Z_PURCHASEDOCUMENTALP</SRVDNAME>
     <SERVICE>Z_PURCHASEDOCUMENTALP</SERVICE>
     <EXPOSED_ARTIFACT>Z_I_PURCHASEDOCUMENTITEM</EXPOSED_ARTIFACT>
     <EXPOSED_ARTIFACT_TYPE>E</EXPOSED_ARTIFACT_TYPE>
     <EXPOSED_ALIAS>PURCHASEDOCUMENTITEM</EXPOSED_ALIAS>
     <EXPOSED_ALIAS_RAW>PurchaseDocumentItem</EXPOSED_ALIAS_RAW>
    </SRVD_RT_ENTITIES>
    <SRVD_RT_ENTITIES>
     <SRVDNAME>Z_PURCHASEDOCUMENTALP</SRVDNAME>
     <SERVICE>Z_PURCHASEDOCUMENTALP</SERVICE>
     <EXPOSED_ARTIFACT>Z_I_PURCHASEDOCUMENTPRIORITY</EXPOSED_ARTIFACT>
     <EXPOSED_ARTIFACT_TYPE>E</EXPOSED_ARTIFACT_TYPE>
     <EXPOSED_ALIAS>PRIORITY</EXPOSED_ALIAS>
     <EXPOSED_ALIAS_RAW>Priority</EXPOSED_ALIAS_RAW>
    </SRVD_RT_ENTITIES>
    <SRVD_RT_ENTITIES>
     <SRVDNAME>Z_PURCHASEDOCUMENTALP</SRVDNAME>
     <SERVICE>Z_PURCHASEDOCUMENTALP</SERVICE>
     <EXPOSED_ARTIFACT>Z_I_PURCHASEDOCUMENTSTATUS</EXPOSED_ARTIFACT>
     <EXPOSED_ARTIFACT_TYPE>E</EXPOSED_ARTIFACT_TYPE>
     <EXPOSED_ALIAS>STATUS</EXPOSED_ALIAS>
     <EXPOSED_ALIAS_RAW>Status</EXPOSED_ALIAS_RAW>
    </SRVD_RT_ENTITIES>
    <SRVD_RT_ENTITIES>
     <SRVDNAME>Z_PURCHASEDOCUMENTALP</SRVDNAME>
     <SERVICE>Z_PURCHASEDOCUMENTALP</SERVICE>
     <EXPOSED_ARTIFACT>Z_I_PURCHASINGORGANIZATION</EXPOSED_ARTIFACT>
     <EXPOSED_ARTIFACT_TYPE>E</EXPOSED_ARTIFACT_TYPE>
     <EXPOSED_ALIAS>PURCHASINGORGANIZATION</EXPOSED_ALIAS>
     <EXPOSED_ALIAS_RAW>PurchasingOrganization</EXPOSED_ALIAS_RAW>
    </SRVD_RT_ENTITIES>
   </SRVD_RT_ENTITIES>
   <SRVD_RT_ENTITIES_field_catalog>
    <item>
     <POS>1</POS>
     <NAME>SRVDNAME</NAME>
     <TYPE_KIND>C</TYPE_KIND>
     <LENGTH>40</LENGTH>
     <IS_KEY>X</IS_KEY>
    </item>
    <item>
     <POS>2</POS>
     <NAME>SERVICE</NAME>
     <TYPE_KIND>C</TYPE_KIND>
     <LENGTH>40</LENGTH>
     <IS_KEY>X</IS_KEY>
    </item>
    <item>
     <POS>3</POS>
     <NAME>EXPOSED_ARTIFACT</NAME>
     <TYPE_KIND>C</TYPE_KIND>
     <LENGTH>30</LENGTH>
     <IS_KEY>X</IS_KEY>
    </item>
    <item>
     <POS>4</POS>
     <NAME>EXPOSED_ARTIFACT_TYPE</NAME>
     <TYPE_KIND>C</TYPE_KIND>
     <LENGTH>1</LENGTH>
     <IS_KEY>X</IS_KEY>
    </item>
    <item>
     <POS>5</POS>
     <NAME>EXPOSED_ALIAS</NAME>
     <TYPE_KIND>C</TYPE_KIND>
     <LENGTH>30</LENGTH>
     <IS_KEY>X</IS_KEY>
    </item>
    <item>
     <POS>6</POS>
     <NAME>EXPOSED_ALIAS_RAW</NAME>
     <TYPE_KIND>C</TYPE_KIND>
     <LENGTH>30</LENGTH>
    </item>
    <item>
     <POS>7</POS>
     <NAME>INCL_SERVICE</NAME>
     <TYPE_KIND>C</TYPE_KIND>
     <LENGTH>40</LENGTH>
    </item>
   </SRVD_RT_ENTITIES_field_catalog>
   <SRVD_RT_ANNOS>
    <SRVD_RT_ANNOS>
     <SRVDNAME>Z_PURCHASEDOCUMENTALP</SRVDNAME>
     <NAME>ENDUSERTEXT.LABEL</NAME>
     <VALUE>&apos;Purchase Document ALP SD&apos;</VALUE>
    </SRVD_RT_ANNOS>
   </SRVD_RT_ANNOS>
   <SRVD_RT_ANNOS_field_catalog>
    <item>
     <POS>1</POS>
     <NAME>SRVDNAME</NAME>
     <TYPE_KIND>C</TYPE_KIND>
     <LENGTH>40</LENGTH>
     <IS_KEY>X</IS_KEY>
    </item>
    <item>
     <POS>2</POS>
     <NAME>NAME</NAME>
     <TYPE_KIND>C</TYPE_KIND>
     <LENGTH>240</LENGTH>
     <IS_KEY>X</IS_KEY>
    </item>
    <item>
     <POS>3</POS>
     <NAME>VALUE</NAME>
     <TYPE_KIND>C</TYPE_KIND>
     <LENGTH>1300</LENGTH>
    </item>
   </SRVD_RT_ANNOS_field_catalog>
   <SRVD_RT_ANNOS_T>
    <SRVD_RT_ANNOS_T>
     <SRVDNAME>Z_PURCHASEDOCUMENTALP</SRVDNAME>
     <LANGUAGE>E</LANGUAGE>
     <NAME>ENDUSERTEXT.LABEL</NAME>
     <TEXT>Purchase Document ALP SD</TEXT>
    </SRVD_RT_ANNOS_T>
   </SRVD_RT_ANNOS_T>
   <SRVD_RT_ANNOS_T_field_catalog>
    <item>
     <POS>1</POS>
     <NAME>SRVDNAME</NAME>
     <TYPE_KIND>C</TYPE_KIND>
     <LENGTH>40</LENGTH>
     <IS_KEY>X</IS_KEY>
    </item>
    <item>
     <POS>2</POS>
     <NAME>LANGUAGE</NAME>
     <TYPE_KIND>C</TYPE_KIND>
     <LENGTH>1</LENGTH>
     <IS_KEY>X</IS_KEY>
    </item>
    <item>
     <POS>3</POS>
     <NAME>NAME</NAME>
     <TYPE_KIND>C</TYPE_KIND>
     <LENGTH>240</LENGTH>
     <IS_KEY>X</IS_KEY>
    </item>
    <item>
     <POS>4</POS>
     <NAME>TEXT</NAME>
     <TYPE_KIND>C</TYPE_KIND>
     <LENGTH>255</LENGTH>
    </item>
   </SRVD_RT_ANNOS_T_field_catalog>
  </asx:values>
 </asx:abap>
</abapGit>
