﻿<?xml version="1.0" encoding="utf-8"?>
<abapGit version="v1.0.0" serializer="ZCL_ABAPGIT_OBJECT_BY_SOBJ" serializer_version="1.0">
 <asx:abap xmlns:asx="http://www.sap.com/abapxml" version="1.0">
  <asx:values>
   <SRVB_HEAD>
    <SRVB_HEAD>
     <SRVB_NAME>Z_UI_PURCHASEDOCALP_V2</SRVB_NAME>
     <VERSION>A</VERSION>
     <CHANGED_BY>MATHEWBIN</CHANGED_BY>
     <CHANGED_ON>2019-07-21</CHANGED_ON>
     <CHANGED_AT>01:21:39</CHANGED_AT>
    </SRVB_HEAD>
   </SRVB_HEAD>
   <SRVB_HEAD_field_catalog>
    <item>
     <POS>1</POS>
     <NAME>SRVB_NAME</NAME>
     <TYPE_KIND>C</TYPE_KIND>
     <LENGTH>40</LENGTH>
     <IS_KEY>X</IS_KEY>
    </item>
    <item>
     <POS>2</POS>
     <NAME>VERSION</NAME>
     <TYPE_KIND>C</TYPE_KIND>
     <LENGTH>1</LENGTH>
     <IS_KEY>X</IS_KEY>
    </item>
    <item>
     <POS>3</POS>
     <NAME>CHANGED_BY</NAME>
     <TYPE_KIND>C</TYPE_KIND>
     <LENGTH>12</LENGTH>
    </item>
    <item>
     <POS>4</POS>
     <NAME>CHANGED_ON</NAME>
     <TYPE_KIND>D</TYPE_KIND>
     <LENGTH>8</LENGTH>
    </item>
    <item>
     <POS>5</POS>
     <NAME>CHANGED_AT</NAME>
     <TYPE_KIND>T</TYPE_KIND>
     <LENGTH>6</LENGTH>
    </item>
    <item>
     <POS>6</POS>
     <NAME>ABAP_LANGUAGE_VERSION</NAME>
     <TYPE_KIND>C</TYPE_KIND>
     <LENGTH>1</LENGTH>
    </item>
   </SRVB_HEAD_field_catalog>
   <SRVB_HEAD_T>
    <SRVB_HEAD_T>
     <SRVB_NAME>Z_UI_PURCHASEDOCALP_V2</SRVB_NAME>
     <VERSION>A</VERSION>
     <LANGUAGE>E</LANGUAGE>
     <DESCRIPTION>Purchase Document ALP SB</DESCRIPTION>
    </SRVB_HEAD_T>
   </SRVB_HEAD_T>
   <SRVB_HEAD_T_field_catalog>
    <item>
     <POS>1</POS>
     <NAME>SRVB_NAME</NAME>
     <TYPE_KIND>C</TYPE_KIND>
     <LENGTH>40</LENGTH>
     <IS_KEY>X</IS_KEY>
    </item>
    <item>
     <POS>2</POS>
     <NAME>VERSION</NAME>
     <TYPE_KIND>C</TYPE_KIND>
     <LENGTH>1</LENGTH>
     <IS_KEY>X</IS_KEY>
    </item>
    <item>
     <POS>3</POS>
     <NAME>LANGUAGE</NAME>
     <TYPE_KIND>C</TYPE_KIND>
     <LENGTH>1</LENGTH>
     <IS_KEY>X</IS_KEY>
    </item>
    <item>
     <POS>4</POS>
     <NAME>DESCRIPTION</NAME>
     <TYPE_KIND>C</TYPE_KIND>
     <LENGTH>60</LENGTH>
    </item>
   </SRVB_HEAD_T_field_catalog>
   <SRVB_BIND_TYPE>
    <SRVB_BIND_TYPE>
     <SRVB_NAME>Z_UI_PURCHASEDOCALP_V2</SRVB_NAME>
     <VERSION>A</VERSION>
     <BIND_TYPE_IMPL>Z_UI_PURCHASEDOCALP_V2</BIND_TYPE_IMPL>
     <BIND_TYPE>ODATA</BIND_TYPE>
     <BIND_TYPE_VERSION>V2</BIND_TYPE_VERSION>
    </SRVB_BIND_TYPE>
   </SRVB_BIND_TYPE>
   <SRVB_BIND_TYPE_field_catalog>
    <item>
     <POS>1</POS>
     <NAME>SRVB_NAME</NAME>
     <TYPE_KIND>C</TYPE_KIND>
     <LENGTH>40</LENGTH>
     <IS_KEY>X</IS_KEY>
    </item>
    <item>
     <POS>2</POS>
     <NAME>VERSION</NAME>
     <TYPE_KIND>C</TYPE_KIND>
     <LENGTH>1</LENGTH>
     <IS_KEY>X</IS_KEY>
    </item>
    <item>
     <POS>3</POS>
     <NAME>BIND_TYPE_IMPL</NAME>
     <TYPE_KIND>C</TYPE_KIND>
     <LENGTH>40</LENGTH>
    </item>
    <item>
     <POS>4</POS>
     <NAME>BIND_TYPE_CATEGORY</NAME>
     <TYPE_KIND>N</TYPE_KIND>
     <LENGTH>1</LENGTH>
    </item>
    <item>
     <POS>5</POS>
     <NAME>BIND_TYPE</NAME>
     <TYPE_KIND>C</TYPE_KIND>
     <LENGTH>30</LENGTH>
    </item>
    <item>
     <POS>6</POS>
     <NAME>BIND_TYPE_VERSION</NAME>
     <TYPE_KIND>C</TYPE_KIND>
     <LENGTH>30</LENGTH>
    </item>
   </SRVB_BIND_TYPE_field_catalog>
   <SRVB_SERVICES>
    <SRVB_SERVICES>
     <SRVB_NAME>Z_UI_PURCHASEDOCALP_V2</SRVB_NAME>
     <VERSION>A</VERSION>
     <SERVICE_NAME>Z_UI_PURCHASEDOCALP_V2</SERVICE_NAME>
     <SERVICE_VERSION>0001</SERVICE_VERSION>
     <SRVDNAME>Z_PURCHASEDOCUMENTALP</SRVDNAME>
     <IS_SAP_SERVICE>X</IS_SAP_SERVICE>
    </SRVB_SERVICES>
   </SRVB_SERVICES>
   <SRVB_SERVICES_field_catalog>
    <item>
     <POS>1</POS>
     <NAME>SRVB_NAME</NAME>
     <TYPE_KIND>C</TYPE_KIND>
     <LENGTH>40</LENGTH>
     <IS_KEY>X</IS_KEY>
    </item>
    <item>
     <POS>2</POS>
     <NAME>VERSION</NAME>
     <TYPE_KIND>C</TYPE_KIND>
     <LENGTH>1</LENGTH>
     <IS_KEY>X</IS_KEY>
    </item>
    <item>
     <POS>3</POS>
     <NAME>SERVICE_NAME</NAME>
     <TYPE_KIND>C</TYPE_KIND>
     <LENGTH>40</LENGTH>
     <IS_KEY>X</IS_KEY>
    </item>
    <item>
     <POS>4</POS>
     <NAME>SERVICE_VERSION</NAME>
     <TYPE_KIND>N</TYPE_KIND>
     <LENGTH>4</LENGTH>
     <IS_KEY>X</IS_KEY>
    </item>
    <item>
     <POS>5</POS>
     <NAME>SRVDNAME</NAME>
     <TYPE_KIND>C</TYPE_KIND>
     <LENGTH>40</LENGTH>
    </item>
    <item>
     <POS>6</POS>
     <NAME>IS_SAP_SERVICE</NAME>
     <TYPE_KIND>C</TYPE_KIND>
     <LENGTH>1</LENGTH>
    </item>
   </SRVB_SERVICES_field_catalog>
  </asx:values>
 </asx:abap>
</abapGit>
