﻿<?xml version="1.0" encoding="utf-8"?>
<abapGit version="v1.0.0" serializer="LCL_OBJECT_CLAS" serializer_version="v1.0.0">
 <asx:abap xmlns:asx="http://www.sap.com/abapxml" version="1.0">
  <asx:values>
   <VSEOCLASS>
    <CLSNAME>ZCX_PURCHDOC_EXCPTNS</CLSNAME>
    <LANGU>E</LANGU>
    <DESCRIPT>Exceptions Class for PurchaseDocuments APp</DESCRIPT>
    <CATEGORY>40</CATEGORY>
    <STATE>1</STATE>
    <CLSCCINCL>X</CLSCCINCL>
    <FIXPT>X</FIXPT>
    <UNICODE>X</UNICODE>
   </VSEOCLASS>
   <DESCRIPTIONS>
    <SEOCOMPOTX>
     <CLSNAME>ZCX_PURCHDOC_EXCPTNS</CLSNAME>
     <CMPNAME>CONSTRUCTOR</CMPNAME>
     <LANGU>E</LANGU>
     <DESCRIPT>CONSTRUCTOR</DESCRIPT>
    </SEOCOMPOTX>
    <SEOCOMPOTX>
     <CLSNAME>ZCX_PURCHDOC_EXCPTNS</CLSNAME>
     <CMPNAME>MV_CURRENCY_CODE</CMPNAME>
     <LANGU>E</LANGU>
     <DESCRIPT>To-currency</DESCRIPT>
    </SEOCOMPOTX>
    <SEOCOMPOTX>
     <CLSNAME>ZCX_PURCHDOC_EXCPTNS</CLSNAME>
     <CMPNAME>MV_PURCHASEDOCUMENT</CMPNAME>
     <LANGU>E</LANGU>
     <DESCRIPT>Purchase Document</DESCRIPT>
    </SEOCOMPOTX>
    <SEOCOMPOTX>
     <CLSNAME>ZCX_PURCHDOC_EXCPTNS</CLSNAME>
     <CMPNAME>MV_PURCHASEDOCUMENTITEM</CMPNAME>
     <LANGU>E</LANGU>
     <DESCRIPT>Purchase Document Item</DESCRIPT>
    </SEOCOMPOTX>
    <SEOCOMPOTX>
     <CLSNAME>ZCX_PURCHDOC_EXCPTNS</CLSNAME>
     <CMPNAME>MV_UNAME</CMPNAME>
     <LANGU>E</LANGU>
     <DESCRIPT>User Name</DESCRIPT>
    </SEOCOMPOTX>
   </DESCRIPTIONS>
  </asx:values>
 </asx:abap>
</abapGit>
