﻿<?xml version="1.0" encoding="utf-8"?>
<abapGit version="v1.0.0" serializer="LCL_OBJECT_TABL" serializer_version="v1.0.0">
 <asx:abap xmlns:asx="http://www.sap.com/abapxml" version="1.0">
  <asx:values>
   <DD02V>
    <TABNAME>ZSK_IPURCHASEDOCUMENTITEMTP_P</TABNAME>
    <DDLANGUAGE>E</DDLANGUAGE>
    <TABCLASS>INTTAB</TABCLASS>
    <DDTEXT>Generated for Legacy DAC - #GENERATED#</DDTEXT>
    <EXCLASS>1</EXCLASS>
   </DD02V>
   <DD03P_TABLE>
    <DD03P>
     <TABNAME>ZSK_IPURCHASEDOCUMENTITEMTP_P</TABNAME>
     <FIELDNAME>PURCHASEDOCUMENT</FIELDNAME>
     <POSITION>0001</POSITION>
     <ROLLNAME>ZPURCHASEDOCUMENTDTEL</ROLLNAME>
     <ADMINFIELD>0</ADMINFIELD>
     <ACTFLAG>I</ACTFLAG>
     <COMPTYPE>E</COMPTYPE>
    </DD03P>
   </DD03P_TABLE>
  </asx:values>
 </asx:abap>
</abapGit>
